{
  "n_models": 4,
  "simple_avg_rmse": 17.46814873867805,
  "weighted_rmse": 17.466858862318606,
  "models": [
    {
      "name": "emsc_p2_mcs20_20260305_054507",
      "rmse": 17.745278834352114,
      "weight": 0.2960279854789854
    },
    {
      "name": "emsc_nobin_d5_l31_20260305_053741",
      "rmse": 18.335141194654984,
      "weight": 0.2439548232467593
    },
    {
      "name": "emsc_deep_b16_20260305_053827",
      "rmse": 18.252159883352643,
      "weight": 0.2251706597121663
    },
    {
      "name": "snv_emsc_deep_20260305_054624",
      "rmse": 17.790780538556806,
      "weight": 0.2348465315620891
    }
  ]
}